SET FOREIGN_KEY_CHECKS=0;

INSERT INTO `users` (`id`, `name`, `email`, `photo`, `role`, `email_verified_at`, `password`, `remember_token`, `created_at`, `updated_at`) VALUES (1, 'admin', 'admin123@gmail.com', NULL, 'admin', NULL, '$2y$12$MQvTVcx.5wSyXKH8TfqS6.XTBjt1BA21K6jkueHyAt3LYTWnslEEi', NULL, '2026-01-22 06:29:41', '2026-04-15 09:14:22');
INSERT INTO `users` (`id`, `name`, `email`, `photo`, `role`, `email_verified_at`, `password`, `remember_token`, `created_at`, `updated_at`) VALUES (2, 'Indra Udayana', 'indraudayana02@gmail.com', NULL, 'user', NULL, '$2y$12$HpinARic1IzEWz55wtaZXe14ZHNUJt30HSeXnhXnpP7iGmW26gnl.', NULL, '2026-01-22 06:31:00', '2026-06-09 20:41:37');
INSERT INTO `users` (`id`, `name`, `email`, `photo`, `role`, `email_verified_at`, `password`, `remember_token`, `created_at`, `updated_at`) VALUES (3, 'Yana', 'udynwgn02@gmail.com', NULL, 'user', NULL, '$2y$12$FJJHG/rHv2..ZuWXE6jdPupBTIRiYq0UVGU0uys/B6IFolip7YfFm', NULL, '2026-01-23 00:27:05', '2026-06-07 16:45:20');
INSERT INTO `users` (`id`, `name`, `email`, `photo`, `role`, `email_verified_at`, `password`, `remember_token`, `created_at`, `updated_at`) VALUES (4, 'udayana', 'indra123@gmail.com', NULL, 'narasumber', NULL, '$2y$12$NATLYItfiD900u/S.jr1s.xYpqLDZsLA/vPoPCDZhYnusji2D7f9y', NULL, '2026-01-27 21:22:40', '2026-03-21 05:15:47');
INSERT INTO `users` (`id`, `name`, `email`, `photo`, `role`, `email_verified_at`, `password`, `remember_token`, `created_at`, `updated_at`) VALUES (5, 'Udayana', 'udayana123@gmail.com', NULL, 'narasumber', NULL, '$2y$12$EKWhz/YJqZoNecWRzSvFqOQkwEdSwMDu2Wwm.yXM7du6/Zpuu1aE6', NULL, '2026-04-15 08:50:49', '2026-06-07 16:51:47');
INSERT INTO `users` (`id`, `name`, `email`, `photo`, `role`, `email_verified_at`, `password`, `remember_token`, `created_at`, `updated_at`) VALUES (6, 'indra', 'indraudayana24@gmail.com', NULL, 'user', NULL, '$2y$12$wfFOyfl8Eku1NPkPK56HLe062cU4/OkUPTqsYegVJ2QDjkOLZa56u', NULL, '2026-05-18 02:41:53', '2026-05-18 02:41:53');
INSERT INTO `users` (`id`, `name`, `email`, `photo`, `role`, `email_verified_at`, `password`, `remember_token`, `created_at`, `updated_at`) VALUES (7, 'admin', 'admin.adp18@gmail.com', NULL, 'admin', NULL, '$2y$12$bBK87xfeNhL.AvWKuzUJieuhBxl/ckM57vmjMhsaQ5oU185zok5fy', NULL, '2026-05-31 22:43:37', '2026-07-01 19:52:46');
INSERT INTO `users` (`id`, `name`, `email`, `photo`, `role`, `email_verified_at`, `password`, `remember_token`, `created_at`, `updated_at`) VALUES (8, 'narasumber', 'narasumberadp18@gmail.com', NULL, 'narasumber', NULL, '$2y$12$.ekb5Z/pc2nm5m1DCtlDPOpJl1Ov.2Q2rltWezYq38nru7fDzQ8TG', NULL, '2026-06-01 06:44:34', '2026-06-07 16:52:07');
INSERT INTO `users` (`id`, `name`, `email`, `photo`, `role`, `email_verified_at`, `password`, `remember_token`, `created_at`, `updated_at`) VALUES (9, 'indra', 'indranarsum18@gmail.com', NULL, 'narasumber', NULL, '$2y$12$2fDjDbJhvTo1HpIGjTyZ2enA35UgkQQwNPy321OuknCH/V5nYk916', NULL, '2026-06-07 16:39:08', '2026-06-07 16:44:23');

INSERT INTO `videos` (`id`, `parwa_id`, `section`, `version`, `title`, `source`, `url`, `type`, `created_at`, `updated_at`, `user_id`, `status`) VALUES (4, 1, 'Bab I', 'Asta Dasa Parwa', 'Adi Parwa', 'YouTube', 'https://youtu.be/_Wk7RkA3Mw4?si=Cbj0TwYeP4Nikvbo', 'youtube', '2026-06-07 19:48:07', '2026-06-12 08:06:03', 2, 'approved');
INSERT INTO `videos` (`id`, `parwa_id`, `section`, `version`, `title`, `source`, `url`, `type`, `created_at`, `updated_at`, `user_id`, `status`) VALUES (6, 1, NULL, NULL, 'Kelahiran pandawa dan korawa', 'admin', 'https://youtu.be/wJJOFP6GYnw?si=V9NtGIpFISqa7JeQ', 'youtube', '2026-06-24 00:30:06', '2026-06-24 00:30:06', 7, 'approved');
INSERT INTO `videos` (`id`, `parwa_id`, `section`, `version`, `title`, `source`, `url`, `type`, `created_at`, `updated_at`, `user_id`, `status`) VALUES (7, 1, NULL, NULL, 'test', 'admin', 'https://youtu.be/WdP_hFhDfmI?si=cBpapyCo_kzSLTVn', 'youtube', '2026-06-24 00:49:32', '2026-06-24 00:49:32', 7, 'approved');

INSERT INTO `audios` (`id`, `parwa_id`, `section`, `version`, `title`, `source`, `url`, `type`, `user_id`, `status`, `created_at`, `updated_at`) VALUES (4, 1, 'Bab I', 'Asta Dasa Parwa', 'test', 'admin', 'audios/AyE2FjtXqlLjgdEVCITd1mT6zYVVFUGZIzl2yR5u.mp3', 'upload', 7, 'approved', '2026-06-10 07:52:11', '2026-06-10 07:52:11');

INSERT INTO `quizzes` (`id`, `question`, `option_a`, `option_b`, `option_c`, `option_d`, `correct_option`, `created_at`, `updated_at`) VALUES (1, 'Adi Parwa Menceritakan Tentang Kisah Siapa?', 'Kisah perang besar Bharatayuddha', 'Kisah perjalanan Pandawa setelah perang', 'Kisah asal-usul keturunan Raja Yayati hingga lahirnya Pandawa dan Korawa', 'Kisah kepemimpinan Yudhisthira sebagai raja Hastinapura', 'C', '2026-01-25 00:46:03', '2026-01-25 00:46:03');
INSERT INTO `quizzes` (`id`, `question`, `option_a`, `option_b`, `option_c`, `option_d`, `correct_option`, `created_at`, `updated_at`) VALUES (2, 'Dalam Adi Parwa, terdapat kisah "Pemutaran Mandara Giri" (Amerta Manthana). Siapakah tokoh yang berhasil mendapatkan Tirta Amerta dengan menyamar sebagai wanita cantik bernama Mohini?', 'Dewa Indra', 'Dewa Wisnu', 'Dewa Siwa', 'Dewa Brahma', 'B', '2026-01-25 05:44:16', '2026-01-25 05:44:16');
INSERT INTO `quizzes` (`id`, `question`, `option_a`, `option_b`, `option_c`, `option_d`, `correct_option`, `created_at`, `updated_at`) VALUES (3, 'Pada Sabha Parwa, alasan teknis mengapa Yudistira tidak bisa menolak undangan permainan dadu dari Sakuni meskipun ia tahu itu berisiko adalah...', 'Ancaman perang dari Duryodana', 'Perintah langsung dari Dretarastra', 'Sumpah kasta Ksatriya untuk tidak menolak tantangan judi atau perang', 'Jebakan mantra sihir dari Sakuni', 'C', '2026-01-25 05:45:11', '2026-01-25 05:45:11');
INSERT INTO `quizzes` (`id`, `question`, `option_a`, `option_b`, `option_c`, `option_d`, `correct_option`, `created_at`, `updated_at`) VALUES (4, 'Kitab Udyoga Parwa dianggap sebagai salah satu bagian paling krusial karena berisi tentang...', 'Strategi formasi perang (Wyuha)', 'Usaha diplomasi terakhir dan persiapan menuju perang Baratayuda', 'Perjanjian pembagian kerajaan secara adil', 'Pengangkatan Bhisma sebagai Panglima Tertinggi', 'B', '2026-01-25 05:46:09', '2026-01-25 05:46:09');
INSERT INTO `quizzes` (`id`, `question`, `option_a`, `option_b`, `option_c`, `option_d`, `correct_option`, `created_at`, `updated_at`) VALUES (5, 'Dalam Bhisma Parwa, Krishna melanggar sumpahnya sendiri untuk tidak memegang senjata selama perang karena melihat Arjuna ragu melawan Bhisma. Senjata apa yang diambil Krishna saat itu?', 'Busur Gandiwa', 'Gada Kaumodaki', 'Roda kereta (Cakra)', 'Pedang Nandaka', 'C', '2026-01-25 05:46:52', '2026-01-25 05:46:52');
INSERT INTO `quizzes` (`id`, `question`, `option_a`, `option_b`, `option_c`, `option_d`, `correct_option`, `created_at`, `updated_at`) VALUES (6, 'Karna Parwa menceritakan gugurnya Karna di tangan Arjuna. Siapakah yang menjadi kusir kereta Karna yang terus-menerus menjatuhkan mental Karna dengan kata-katanya?', 'Sangkuni', 'Raja Salya', 'Kripacharya', 'Duryodana', 'B', '2026-01-25 05:47:33', '2026-01-25 05:47:33');
INSERT INTO `quizzes` (`id`, `question`, `option_a`, `option_b`, `option_c`, `option_d`, `correct_option`, `created_at`, `updated_at`) VALUES (7, 'Stri Parwa merupakan kitab yang sangat emosional karena berisi ratapan para wanita. Siapakah yang memberikan kutukan kepada Krishna bahwa bangsa Yadawa akan hancur dengan cara yang sama seperti Korawa?', 'Kunti', 'Drupadi', 'Gandari', 'Satyawati', 'C', '2026-01-25 05:48:20', '2026-01-25 05:48:20');
INSERT INTO `quizzes` (`id`, `question`, `option_a`, `option_b`, `option_c`, `option_d`, `correct_option`, `created_at`, `updated_at`) VALUES (8, 'Dalam Aswamedhika Parwa, Yudistira melaksanakan upacara korban kuda untuk menyucikan diri. Siapakah ksatria yang ditugaskan mengawal kuda tersebut berkeliling dunia?', 'Bima', 'Arjuna', 'Nakula', 'Sadewa', 'B', '2026-01-25 05:48:53', '2026-01-25 05:48:53');
INSERT INTO `quizzes` (`id`, `question`, `option_a`, `option_b`, `option_c`, `option_d`, `correct_option`, `created_at`, `updated_at`) VALUES (9, 'Kitab Anusasana Parwa berisi wejangan terakhir Bhisma sebelum wafat. Bhisma menunggu waktu yang tepat untuk meninggal sampai matahari berada di lintasan utara yang disebut...', 'Dakshinayana', 'Uttarayana', 'Madhyayana', 'Suryayana', 'B', '2026-01-25 05:49:31', '2026-01-25 05:49:31');
INSERT INTO `quizzes` (`id`, `question`, `option_a`, `option_b`, `option_c`, `option_d`, `correct_option`, `created_at`, `updated_at`) VALUES (10, 'Pada Mausala Parwa, kehancuran bangsa Yadawa bermula dari kutukan para Rsi karena lelucon yang dibuat oleh putra Krishna yang menyamar sebagai wanita hamil. Siapakah putra yang dimaksud?', 'Pradyumna', 'Aniruddha', 'Samba', 'Gada', 'C', '2026-01-25 05:50:11', '2026-01-25 05:50:11');
INSERT INTO `quizzes` (`id`, `question`, `option_a`, `option_b`, `option_c`, `option_d`, `correct_option`, `created_at`, `updated_at`) VALUES (12, 'Kitab terakhir dari Asta Dasa Parwa yang menceritakan Yudistira mencapai surga dan bertemu saudara-saudaranya adalah...', 'Shanti Parwa', 'Anusasana Parwa', 'Swargarohana Parwa', 'Adi Parwa', 'C', '2026-01-25 05:51:47', '2026-01-25 05:51:47');
INSERT INTO `quizzes` (`id`, `question`, `option_a`, `option_b`, `option_c`, `option_d`, `correct_option`, `created_at`, `updated_at`) VALUES (13, 'Kitab terakhir dari Asta Dasa Parwa yang menceritakan Yudistira mencapai surga dan bertemu saudara-saudaranya adalah...', 'Shanti Parwa', 'Anusasana Parwa', 'Swargarohana Parwa', 'Adi Parwa', 'C', '2026-02-11 21:00:48', '2026-02-11 21:00:48');

INSERT INTO `forum_topics` (`id`, `user_id`, `title`, `description`, `slug`, `status`, `created_at`, `updated_at`) VALUES (4, 1, 'test', 'test', 'test-LzCzJ', 'approved', '2026-03-13 23:23:46', '2026-06-01 01:25:17');
INSERT INTO `forum_topics` (`id`, `user_id`, `title`, `description`, `slug`, `status`, `created_at`, `updated_at`) VALUES (8, 2, 'adi parwa', 'test', 'adi-parwa-1vOZn', 'approved', '2026-06-01 01:31:16', '2026-06-01 01:31:52');
INSERT INTO `forum_topics` (`id`, `user_id`, `title`, `description`, `slug`, `status`, `created_at`, `updated_at`) VALUES (9, 2, 'test2', 'test', 'test2-qnbWG', 'approved', '2026-06-01 07:20:58', '2026-06-01 07:25:34');

INSERT INTO `forum_messages` (`id`, `user_id`, `topic_id`, `message`, `created_at`, `updated_at`) VALUES (19, 7, 4, 'test', '2026-06-01 01:25:24', '2026-06-01 01:25:24');
INSERT INTO `forum_messages` (`id`, `user_id`, `topic_id`, `message`, `created_at`, `updated_at`) VALUES (20, 2, 8, 'test', '2026-06-01 01:33:00', '2026-06-01 01:33:00');
INSERT INTO `forum_messages` (`id`, `user_id`, `topic_id`, `message`, `created_at`, `updated_at`) VALUES (21, 2, 4, 'test', '2026-06-01 01:33:17', '2026-06-01 01:33:17');
INSERT INTO `forum_messages` (`id`, `user_id`, `topic_id`, `message`, `created_at`, `updated_at`) VALUES (22, 7, 9, 'test', '2026-06-10 19:12:18', '2026-06-10 19:12:18');

SET FOREIGN_KEY_CHECKS=1;
